ID,first_name,mobile_no,email,enquiry
1,ganesh,5622656669,ganesh1995.55@gmail.com,hdfhgadgfkgkjdgafkjadgfkja
3,ganesh,5622656669,manyamraghuram@gmail.com,hdfhgadgfkgkjdgafkjadgfkja
4,ganesh,5622656669,manyamraghuram@gmail.com,hdfhgadgfkgkjdgafkjadgfkja
5,ganesh,5622656669,vajaaprasanth123@gmail.com,hdfhgadgfkgkjdgafkjadgfkja
6,ganesh,5622656669,vajaaprasanth123@gmail.com,hdfhgadgfkgkjdgafkjadgfkja
7,ganesh,5622656669,vajaaprasanth123@gmail.com,hdfhgadgfkgkjdgafkjadgfkja
8,ganesh,5622656669,vajaaprasanth123@gmail.com,hdfhgadgfkgkjdgafkjadgfkja
9,ganesh,5622656669,vajjaprasanth123@gmail.com,hdfhgadgfkgkjdgafkjadgfkja
10,ganesh,5622656669,vajjaprasanth123@gmail.com,hdfhgadgfkgkjdgafkjadgfkja
11,ganesh,5622656669,vajjaprasanth123@gmail.com,hdfhgadgfkgkjdgafkjadgfkja
12,ganesh,5622656669,vajjaprasanth123@gmail.com,hdfhgadgfkgkjdgafkjadgfkja
13,ganesh,5622656669,vajjaprasanth123@gmail.com,hdfhgadgfkgkjdgafkjadgfkja
14,ganesh,5622656669,vajjaprasanth123@gmail.com,hdfhgadgfkgkjdgafkjadgfkja
15,ganesh,5622656669,vajjaprasanth123@gmail.com,hdfhgadgfkgkjdgafkjadgfkja
16,ganesh,5622656669,vajjaprasanth123@gmail.com,hdfhgadgfkgkjdgafkjadgfkja
17,ganesh,5622656669,vajjaprasanth123@gmail.com,hdfhgadgfkgkjdgafkjadgfkja
